period,y,target_lag_1,target_lag_3,target_lag_6,temp_max_c,temp_min_c,fog_days_count,wet_days_count,temp_max_c_lag_1,temp_max_c_lag_2,temp_min_c_lag_1,temp_min_c_lag_2,fog_days_count_lag_1,fog_days_count_lag_2,wet_days_count_lag_1,wet_days_count_lag_2
2000-07-01,243695.0,220070.55,220156.2,194179.1,26.096774193548388,16.46451612903226,11.0,0.0,24.84333333333333,22.92903225806452,15.713333333333336,14.119354838709675,6.0,7.0,0.0,2.0
2000-08-01,250550.5,243695.0,217748.7,175889.25,27.82258064516129,18.345161290322583,4.0,2.0,26.096774193548388,24.84333333333333,16.46451612903226,15.713333333333336,11.0,6.0,0.0,0.0
2000-09-01,227847.65,250550.5,220070.55,188437.95,26.31,17.486666666666668,9.0,2.0,27.82258064516129,26.096774193548388,18.345161290322583,16.46451612903226,4.0,11.0,2.0,0.0
2000-10-01,260468.6,227847.65,243695.0,220156.2,21.42903225806452,14.258064516129032,10.0,7.0,26.31,27.82258064516129,17.486666666666668,18.345161290322583,9.0,4.0,2.0,2.0
2000-11-01,210208.15,260468.6,250550.5,217748.7,19.06,8.51,2.0,3.0,21.42903225806452,26.31,14.258064516129032,17.486666666666668,10.0,9.0,7.0,2.0
2000-12-01,203020.25,210208.15,227847.65,220070.55,19.083870967741937,8.848387096774195,5.0,3.0,19.06,21.42903225806452,8.51,14.258064516129032,2.0,10.0,3.0,7.0
2001-01-01,212322.6,203020.25,260468.6,243695.0,16.03548387096774,6.6,6.0,6.0,19.083870967741937,19.06,8.848387096774195,8.51,5.0,2.0,3.0,3.0
2001-02-01,163331.4,212322.6,210208.15,250550.5,15.05714285714286,7.389285714285714,9.0,15.0,16.03548387096774,19.083870967741937,6.6,8.848387096774195,6.0,5.0,6.0,3.0
2001-03-01,217283.55,163331.4,203020.25,227847.65,17.37741935483871,10.641935483870968,17.0,7.0,15.05714285714286,16.03548387096774,7.389285714285714,6.6,9.0,6.0,15.0,6.0
2001-04-01,221464.7,217283.55,212322.6,260468.6,17.886666666666667,10.196666666666664,9.0,9.0,17.37741935483871,15.05714285714286,10.641935483870968,7.389285714285714,17.0,9.0,7.0,15.0
2001-05-01,213859.9,221464.7,163331.4,210208.15,22.458064516129035,13.516129032258064,13.0,0.0,17.886666666666667,17.37741935483871,10.196666666666664,10.641935483870968,9.0,17.0,9.0,7.0
2001-06-01,243053.0,213859.9,217283.55,203020.25,24.863333333333333,15.743333333333334,9.0,1.0,22.458064516129035,17.886666666666667,13.516129032258064,10.196666666666664,13.0,9.0,0.0,9.0
2001-07-01,250343.55,243053.0,221464.7,212322.6,24.738709677419354,16.31935483870968,18.0,1.0,24.863333333333333,22.458064516129035,15.743333333333334,13.516129032258064,9.0,13.0,1.0,0.0
2001-08-01,261704.6,250343.55,213859.9,163331.4,26.18064516129032,16.629032258064516,11.0,0.0,24.738709677419354,24.863333333333333,16.31935483870968,15.743333333333334,18.0,9.0,1.0,1.0
2001-09-01,275558.4,261704.6,243053.0,217283.55,25.52,16.470000000000002,19.0,0.0,26.18064516129032,24.738709677419354,16.629032258064516,16.31935483870968,11.0,18.0,0.0,1.0
2001-10-01,274953.1,275558.4,250343.55,221464.7,23.05483870967742,15.038709677419355,20.0,1.0,25.52,26.18064516129032,16.470000000000002,16.629032258064516,19.0,11.0,0.0,0.0
2001-11-01,241729.2,274953.1,261704.6,213859.9,19.58,11.923333333333334,16.0,6.0,23.05483870967742,25.52,15.038709677419355,16.470000000000002,20.0,19.0,1.0,0.0
2001-12-01,225885.5,241729.2,275558.4,243053.0,16.361290322580643,7.025806451612904,4.0,9.0,19.58,23.05483870967742,11.923333333333334,15.038709677419355,16.0,20.0,6.0,1.0
2002-01-01,220809.25,225885.5,274953.1,250343.55,17.032258064516128,6.929032258064517,7.0,8.0,16.361290322580643,19.58,7.025806451612904,11.923333333333334,4.0,16.0,9.0,6.0
2002-02-01,244166.75,220809.25,241729.2,261704.6,19.832142857142856,7.696428571428571,7.0,2.0,17.032258064516128,16.361290322580643,6.929032258064517,7.025806451612904,7.0,4.0,8.0,9.0
2002-03-01,229953.7,244166.75,225885.5,275558.4,18.5258064516129,9.070967741935483,7.0,5.0,19.832142857142856,17.032258064516128,7.696428571428571,6.929032258064517,7.0,7.0,2.0,8.0
2002-04-01,276372.75,229953.7,220809.25,274953.1,18.866666666666667,10.73,10.0,1.0,18.5258064516129,19.832142857142856,9.070967741935483,7.696428571428571,7.0,7.0,5.0,2.0
2002-05-01,284384.5,276372.75,244166.75,241729.2,20.751612903225805,12.087096774193547,8.0,1.0,18.866666666666667,18.5258064516129,10.73,9.070967741935483,10.0,7.0,1.0,5.0
2002-06-01,301446.95,284384.5,229953.7,225885.5,23.15333333333333,14.233333333333333,13.0,0.0,20.751612903225805,18.866666666666667,12.087096774193547,10.73,8.0,10.0,1.0,1.0
2002-07-01,271932.1,301446.95,276372.75,220809.25,25.11290322580645,15.841935483870968,15.0,0.0,23.15333333333333,20.751612903225805,14.233333333333333,12.087096774193547,13.0,8.0,0.0,1.0
2002-08-01,339689.25,271932.1,284384.5,244166.75,25.32903225806452,15.861290322580643,12.0,0.0,25.11290322580645,23.15333333333333,15.841935483870968,14.233333333333333,15.0,13.0,0.0,0.0
2002-09-01,330966.45,339689.25,301446.95,229953.7,26.396666666666665,16.423333333333332,13.0,3.0,25.32903225806452,25.11290322580645,15.861290322580643,15.841935483870968,12.0,15.0,0.0,0.0
2002-10-01,265217.35,330966.45,271932.1,276372.75,21.11935483870968,13.483870967741936,13.0,1.0,26.396666666666665,25.32903225806452,16.423333333333332,15.861290322580643,13.0,12.0,3.0,0.0
2002-11-01,301332.1,265217.35,339689.25,284384.5,21.696666666666665,11.206666666666669,10.0,7.0,21.11935483870968,26.396666666666665,13.483870967741936,16.423333333333332,13.0,13.0,1.0,3.0
2002-12-01,306098.55,301332.1,330966.45,301446.95,16.799999999999997,8.37741935483871,8.0,9.0,21.696666666666665,21.11935483870968,11.206666666666669,13.483870967741936,10.0,13.0,7.0,1.0
2003-01-01,276481.55,306098.55,265217.35,271932.1,21.061290322580643,9.8,12.0,3.0,16.799999999999997,21.696666666666665,8.37741935483871,11.206666666666669,8.0,10.0,9.0,7.0
2003-02-01,274739.5,276481.55,301332.1,339689.25,17.489285714285714,9.160714285714286,7.0,9.0,21.061290322580643,16.799999999999997,9.8,8.37741935483871,12.0,8.0,3.0,9.0
2003-03-01,298495.0,274739.5,306098.55,330966.45,19.09032258064516,10.32258064516129,12.0,3.0,17.489285714285714,21.061290322580643,9.160714285714286,9.8,7.0,12.0,9.0,3.0
2003-04-01,326708.05,298495.0,276481.55,265217.35,18.113333333333333,10.36,7.0,9.0,19.09032258064516,17.489285714285714,10.32258064516129,9.160714285714286,12.0,7.0,3.0,9.0
2003-05-01,348275.05,326708.05,274739.5,301332.1,20.60967741935484,12.28064516129032,5.0,3.0,18.113333333333333,19.09032258064516,10.36,10.32258064516129,7.0,12.0,9.0,3.0
2003-06-01,305891.85,348275.05,298495.0,306098.55,22.18,14.516666666666667,11.0,1.0,20.60967741935484,18.113333333333333,12.28064516129032,10.36,5.0,7.0,3.0,9.0
2003-07-01,331740.3,305891.85,326708.05,276481.55,27.006451612903227,17.816129032258065,7.0,0.0,22.18,20.60967741935484,14.516666666666667,12.28064516129032,11.0,5.0,1.0,3.0
2003-08-01,360045.1,331740.3,348275.05,274739.5,27.96451612903226,18.15806451612903,10.0,1.0,27.006451612903227,22.18,17.816129032258065,14.516666666666667,7.0,11.0,0.0,1.0
2003-09-01,350475.6,360045.1,305891.85,298495.0,25.37,16.61,15.0,0.0,27.96451612903226,27.006451612903227,18.15806451612903,17.816129032258065,10.0,7.0,1.0,0.0
2003-10-01,372111.05,350475.6,331740.3,326708.05,24.961290322580645,15.106451612903228,12.0,3.0,25.37,27.96451612903226,16.61,18.15806451612903,15.0,10.0,0.0,1.0
2003-11-01,338378.2,372111.05,360045.1,348275.05,18.936666666666667,10.42,3.0,5.0,24.961290322580645,25.37,15.106451612903228,16.61,12.0,15.0,3.0,0.0
2003-12-01,306983.45,338378.2,350475.6,305891.85,17.17096774193548,8.074193548387097,5.0,7.0,18.936666666666667,24.961290322580645,10.42,15.106451612903228,3.0,12.0,5.0,3.0
2004-01-01,345411.55,306983.45,372111.05,331740.3,17.538709677419355,7.767741935483872,9.0,7.0,17.17096774193548,18.936666666666667,8.074193548387097,10.42,5.0,3.0,7.0,5.0
2004-02-01,247709.3,345411.55,338378.2,360045.1,16.782758620689656,7.755172413793104,6.0,9.0,17.538709677419355,17.17096774193548,7.767741935483872,8.074193548387097,9.0,5.0,7.0,7.0
2004-03-01,340748.0,247709.3,306983.45,350475.6,21.048387096774192,11.416129032258064,17.0,2.0,16.782758620689656,17.538709677419355,7.755172413793104,7.767741935483872,6.0,9.0,9.0,7.0
2004-04-01,345338.15,340748.0,345411.55,372111.05,21.540000000000003,12.383333333333333,4.0,6.0,21.048387096774192,16.782758620689656,11.416129032258064,7.755172413793104,17.0,6.0,2.0,9.0
2004-05-01,367128.0,345338.15,247709.3,338378.2,23.93870967741936,14.403225806451612,2.0,3.0,21.540000000000003,21.048387096774192,12.383333333333333,11.416129032258064,4.0,17.0,6.0,2.0
2004-06-01,347055.75,367128.0,340748.0,306983.45,23.25,14.946666666666664,9.0,0.0,23.93870967741936,21.540000000000003,14.403225806451612,12.383333333333333,2.0,4.0,3.0,6.0
2004-07-01,365900.3,347055.75,345338.15,345411.55,26.00967741935484,16.441935483870967,12.0,0.0,23.25,23.93870967741936,14.946666666666664,14.403225806451612,9.0,2.0,0.0,3.0
2004-08-01,344108.6,365900.3,367128.0,247709.3,25.66774193548387,16.896774193548385,10.0,0.0,26.00967741935484,23.25,16.441935483870967,14.946666666666664,12.0,9.0,0.0,0.0
2004-09-01,324345.7,344108.6,347055.75,340748.0,27.39333333333333,17.433333333333334,7.0,0.0,25.66774193548387,26.00967741935484,16.896774193548385,16.441935483870967,10.0,12.0,0.0,0.0
2004-10-01,352717.85,324345.7,365900.3,345338.15,21.461290322580645,13.922580645161291,16.0,8.0,27.39333333333333,25.66774193548387,17.433333333333334,16.896774193548385,7.0,10.0,0.0,0.0
2004-11-01,340050.4,352717.85,344108.6,367128.0,18.40333333333333,9.95,3.0,7.0,21.461290322580645,27.39333333333333,13.922580645161291,17.433333333333334,16.0,7.0,8.0,0.0
2004-12-01,283267.2,340050.4,324345.7,347055.75,17.80322580645161,8.016129032258064,8.0,8.0,18.40333333333333,21.461290322580645,9.95,13.922580645161291,3.0,16.0,7.0,8.0
2005-01-01,305102.2,283267.2,352717.85,365900.3,17.17096774193548,8.906451612903227,8.0,11.0,17.80322580645161,18.40333333333333,8.016129032258064,9.95,8.0,3.0,8.0,7.0
2005-02-01,294022.45,305102.2,340050.4,344108.6,17.242857142857144,9.782142857142857,11.0,11.0,17.17096774193548,17.80322580645161,8.906451612903227,8.016129032258064,8.0,8.0,11.0,8.0
2005-03-01,262173.05,294022.45,283267.2,324345.7,18.206451612903223,10.948387096774193,11.0,10.0,17.242857142857144,17.17096774193548,9.782142857142857,8.906451612903227,11.0,8.0,11.0,11.0
2005-04-01,336086.9,262173.05,305102.2,352717.85,20.3,11.21,2.0,7.0,18.206451612903223,17.242857142857144,10.948387096774193,9.782142857142857,11.0,11.0,10.0,11.0
2005-05-01,319472.4,336086.9,294022.45,340050.4,22.283870967741933,13.893548387096772,11.0,3.0,20.3,18.206451612903223,11.21,10.948387096774193,2.0,11.0,7.0,10.0
2005-06-01,340581.95,319472.4,262173.05,283267.2,22.796666666666667,14.436666666666667,6.0,2.0,22.283870967741933,20.3,13.893548387096772,11.21,11.0,2.0,3.0,7.0
2005-07-01,356715.95,340581.95,336086.9,305102.2,26.070967741935487,16.84193548387097,13.0,0.0,22.796666666666667,22.283870967741933,14.436666666666667,13.893548387096772,6.0,11.0,2.0,3.0
2005-08-01,349654.5,356715.95,319472.4,294022.45,26.61935483870968,17.299999999999997,11.0,0.0,26.070967741935487,22.796666666666667,16.84193548387097,14.436666666666667,13.0,6.0,0.0,2.0
2005-09-01,356912.4,349654.5,340581.95,262173.05,24.66,15.42,10.0,1.0,26.61935483870968,26.070967741935487,17.299999999999997,16.84193548387097,11.0,13.0,0.0,0.0
2005-10-01,375050.85,356912.4,356715.95,336086.9,22.493548387096773,13.932258064516128,10.0,5.0,24.66,26.61935483870968,15.42,17.299999999999997,10.0,11.0,1.0,0.0
2005-11-01,332036.55,375050.85,349654.5,319472.4,21.563333333333333,11.65,5.0,3.0,22.493548387096773,24.66,13.932258064516128,15.42,10.0,10.0,5.0,1.0
2005-12-01,328244.1,332036.55,356912.4,340581.95,18.43870967741936,9.564516129032258,13.0,6.0,21.563333333333333,22.493548387096773,11.65,13.932258064516128,5.0,10.0,3.0,5.0
2006-01-01,327009.1,328244.1,375050.85,356715.95,18.24516129032258,8.358064516129033,5.0,3.0,18.43870967741936,21.563333333333333,9.564516129032258,11.65,13.0,5.0,6.0,3.0
2006-02-01,251811.85,327009.1,332036.55,349654.5,19.24285714285714,8.246428571428572,8.0,5.0,18.24516129032258,18.43870967741936,8.358064516129033,9.564516129032258,5.0,13.0,3.0,6.0
2006-03-01,345401.05,251811.85,328244.1,356912.4,15.316129032258065,8.561290322580644,4.0,13.0,19.24285714285714,18.24516129032258,8.246428571428572,8.358064516129033,8.0,5.0,5.0,3.0
2006-04-01,370170.6,345401.05,327009.1,375050.85,17.85666666666667,11.083333333333334,6.0,12.0,15.316129032258065,19.24285714285714,8.561290322580644,8.246428571428572,4.0,8.0,13.0,5.0
2006-05-01,368863.55,370170.6,251811.85,332036.55,21.72903225806452,13.748387096774191,13.0,6.0,17.85666666666667,15.316129032258065,11.083333333333334,8.561290322580644,6.0,4.0,12.0,13.0
2006-06-01,387956.85,368863.55,345401.05,328244.1,26.13,16.33,7.0,1.0,21.72903225806452,17.85666666666667,13.748387096774191,11.083333333333334,13.0,6.0,6.0,12.0
2006-07-01,413357.25,387956.85,370170.6,327009.1,29.13225806451613,19.5,2.0,3.0,26.13,21.72903225806452,16.33,13.748387096774191,7.0,13.0,1.0,6.0
2006-08-01,414004.3,413357.25,368863.55,251811.85,26.96451612903226,17.561290322580643,6.0,1.0,29.13225806451613,26.13,19.5,16.33,2.0,7.0,3.0,1.0
2006-09-01,431282.9,414004.3,387956.85,345401.05,26.256666666666668,16.483333333333334,8.0,1.0,26.96451612903226,29.13225806451613,17.561290322580643,19.5,6.0,2.0,1.0,3.0
2006-10-01,421693.7,431282.9,413357.25,370170.6,22.983870967741936,13.806451612903226,5.0,2.0,26.256666666666668,26.96451612903226,16.483333333333334,17.561290322580643,8.0,6.0,1.0,1.0
2006-11-01,390208.5,421693.7,414004.3,368863.55,22.316666666666663,12.346666666666666,7.0,4.0,22.983870967741936,26.256666666666668,13.806451612903226,16.483333333333334,5.0,8.0,2.0,1.0
2006-12-01,365590.75,390208.5,431282.9,387956.85,18.8,7.458064516129032,5.0,5.0,22.316666666666663,22.983870967741936,12.346666666666666,13.806451612903226,7.0,5.0,4.0,2.0
2007-01-01,367095.65,365590.75,421693.7,413357.25,17.661290322580644,6.641935483870968,4.0,7.0,18.8,22.316666666666663,7.458064516129032,12.346666666666666,5.0,7.0,5.0,4.0
2007-02-01,358600.75,367095.65,390208.5,414004.3,18.103571428571428,9.185714285714283,7.0,8.0,17.661290322580644,18.8,6.641935483870968,7.458064516129032,4.0,5.0,7.0,5.0
2007-03-01,323472.1,358600.75,365590.75,431282.9,20.851612903225806,10.103225806451611,9.0,2.0,18.103571428571428,17.661290322580644,9.185714285714283,6.641935483870968,7.0,4.0,8.0,7.0
2007-04-01,375511.5,323472.1,367095.65,421693.7,19.65333333333333,11.173333333333334,7.0,4.0,20.851612903225806,18.103571428571428,10.103225806451611,9.185714285714283,9.0,7.0,2.0,8.0
2007-05-01,368874.3,375511.5,358600.75,390208.5,21.31290322580645,12.016129032258064,6.0,0.0,19.65333333333333,20.851612903225806,11.173333333333334,10.103225806451611,7.0,9.0,4.0,2.0
2007-06-01,393187.1,368874.3,323472.1,365590.75,23.266666666666666,13.743333333333334,9.0,0.0,21.31290322580645,19.65333333333333,12.016129032258064,11.173333333333334,6.0,7.0,0.0,4.0
2007-07-01,387573.25,393187.1,375511.5,367095.65,26.30322580645161,17.048387096774192,6.0,0.0,23.266666666666666,21.31290322580645,13.743333333333334,12.016129032258064,9.0,6.0,0.0,0.0
2007-08-01,379027.1,387573.25,368874.3,358600.75,27.641935483870967,18.07741935483871,5.0,0.0,26.30322580645161,23.266666666666666,17.048387096774192,13.743333333333334,6.0,9.0,0.0,0.0
2007-09-01,407914.75,379027.1,393187.1,323472.1,24.84,16.273333333333333,4.0,5.0,27.641935483870967,26.30322580645161,18.07741935483871,17.048387096774192,5.0,6.0,0.0,0.0
2007-10-01,393947.95,407914.75,387573.25,375511.5,24.296774193548387,14.1,5.0,6.0,24.84,27.641935483870967,16.273333333333333,18.07741935483871,4.0,5.0,5.0,0.0
2007-11-01,383240.75,393947.95,379027.1,368874.3,20.75333333333333,11.38,12.0,2.0,24.296774193548387,24.84,14.1,16.273333333333333,5.0,4.0,6.0,5.0
2007-12-01,346140.45,383240.75,407914.75,393187.1,17.18064516129032,7.300000000000001,5.0,7.0,20.75333333333333,24.296774193548387,11.38,14.1,12.0,5.0,2.0,6.0
2008-01-01,347141.95,346140.45,393947.95,387573.25,16.125806451612902,7.658064516129032,8.0,11.0,17.18064516129032,20.75333333333333,7.300000000000001,11.38,5.0,12.0,7.0,2.0
2008-02-01,322978.55,347141.95,383240.75,379027.1,16.824137931034482,8.39655172413793,7.0,8.0,16.125806451612902,17.18064516129032,7.658064516129032,7.300000000000001,8.0,5.0,11.0,7.0
2008-03-01,301288.3,322978.55,346140.45,407914.75,20.26451612903226,9.587096774193547,5.0,3.0,16.824137931034482,16.125806451612902,8.39655172413793,7.658064516129032,7.0,8.0,8.0,11.0
2008-04-01,331840.65,301288.3,347141.95,393947.95,21.736666666666668,11.216666666666669,2.0,3.0,20.26451612903226,16.824137931034482,9.587096774193547,8.39655172413793,5.0,7.0,3.0,8.0
2008-05-01,376786.95,331840.65,322978.55,383240.75,21.432258064516127,13.206451612903225,3.0,5.0,21.736666666666668,20.26451612903226,11.216666666666669,9.587096774193547,2.0,5.0,3.0,3.0
2008-06-01,346791.55,376786.95,301288.3,346140.45,25.34333333333333,15.15,4.0,0.0,21.432258064516127,21.736666666666668,13.206451612903225,11.216666666666669,3.0,2.0,5.0,3.0
2008-07-01,376945.85,346791.55,331840.65,347141.95,25.82903225806452,16.86774193548387,8.0,1.0,25.34333333333333,21.432258064516127,15.15,13.206451612903225,4.0,3.0,0.0,5.0
2008-08-01,408236.3,376945.85,376786.95,322978.55,27.006451612903227,17.758064516129032,10.0,0.0,25.82903225806452,25.34333333333333,16.86774193548387,15.15,8.0,4.0,1.0,0.0
2008-09-01,373351.25,408236.3,346791.55,301288.3,26.8,16.74,5.0,0.0,27.006451612903227,25.82903225806452,17.758064516129032,16.86774193548387,10.0,8.0,0.0,1.0
2008-10-01,377272.95,373351.25,376945.85,331840.65,26.241935483870968,14.78064516129032,2.0,2.0,26.8,27.006451612903227,16.74,17.758064516129032,5.0,10.0,0.0,0.0
2008-11-01,345764.85,377272.95,408236.3,376786.95,22.46,12.5,8.0,7.0,26.241935483870968,26.8,14.78064516129032,16.74,2.0,5.0,2.0,0.0
2008-12-01,302760.2,345764.85,373351.25,346791.55,15.8,7.838709677419355,7.0,11.0,22.46,26.241935483870968,12.5,14.78064516129032,8.0,2.0,7.0,2.0
2009-01-01,320379.1,302760.2,377272.95,376945.85,19.88387096774193,8.170967741935485,5.0,7.0,15.8,22.46,7.838709677419355,12.5,7.0,8.0,11.0,7.0
2009-02-01,208178.5,320379.1,345764.85,408236.3,16.83214285714286,8.27142857142857,6.0,10.0,19.88387096774193,15.8,8.170967741935485,7.838709677419355,5.0,7.0,7.0,11.0
2009-03-01,281693.15,208178.5,302760.2,373351.25,18.55483870967742,9.674193548387096,6.0,2.0,16.83214285714286,19.88387096774193,8.27142857142857,8.170967741935485,6.0,5.0,10.0,7.0
2009-04-01,281674.25,281693.15,320379.1,377272.95,20.40666666666667,10.866666666666667,1.0,4.0,18.55483870967742,16.83214285714286,9.674193548387096,8.27142857142857,6.0,6.0,2.0,10.0
2009-05-01,306164.75,281674.25,208178.5,345764.85,22.316129032258065,13.593548387096773,8.0,0.0,20.40666666666667,18.55483870967742,10.866666666666667,9.674193548387096,1.0,6.0,4.0,2.0
2009-06-01,283982.8,306164.75,281693.15,302760.2,22.12,14.89,5.0,6.0,22.316129032258065,20.40666666666667,13.593548387096773,10.866666666666667,8.0,1.0,0.0,4.0
2009-07-01,307907.75,283982.8,281674.25,320379.1,26.55161290322581,17.009677419354837,5.0,0.0,22.12,22.316129032258065,14.89,13.593548387096773,5.0,8.0,6.0,0.0
2009-08-01,326905.75,307907.75,306164.75,208178.5,26.870967741935484,16.693548387096776,12.0,0.0,26.55161290322581,22.12,17.009677419354837,14.89,5.0,5.0,0.0,6.0
2009-09-01,313286.95,326905.75,283982.8,281693.15,27.73,17.633333333333333,5.0,0.0,26.870967741935484,26.55161290322581,16.693548387096776,17.009677419354837,12.0,5.0,0.0,0.0
2009-10-01,342412.6,313286.95,307907.75,281674.25,23.164516129032258,14.416129032258064,4.0,2.0,27.73,26.870967741935484,17.633333333333333,16.693548387096776,5.0,12.0,0.0,0.0
2009-11-01,303494.75,342412.6,326905.75,306164.75,21.80333333333333,10.696666666666664,3.0,2.0,23.164516129032258,27.73,14.416129032258064,17.633333333333333,4.0,5.0,2.0,0.0
2009-12-01,289010.85,303494.75,313286.95,283982.8,16.57741935483871,7.929032258064517,7.0,8.0,21.80333333333333,23.164516129032258,10.696666666666664,14.416129032258064,3.0,4.0,2.0,2.0
2010-01-01,302692.9,289010.85,342412.6,307907.75,18.08709677419355,8.53225806451613,9.0,8.0,16.57741935483871,21.80333333333333,7.929032258064517,10.696666666666664,7.0,3.0,8.0,2.0
2010-02-01,274939.8,302692.9,303494.75,326905.75,17.196428571428573,9.2,7.0,9.0,18.08709677419355,16.57741935483871,8.53225806451613,7.929032258064517,9.0,7.0,8.0,8.0
2010-03-01,281748.8,274939.8,289010.85,313286.95,19.345161290322583,10.083870967741936,9.0,8.0,17.196428571428573,18.08709677419355,9.2,8.53225806451613,7.0,9.0,9.0,8.0
2010-04-01,311343.05,281748.8,302692.9,342412.6,18.98333333333333,10.363333333333332,1.0,10.0,19.345161290322583,17.196428571428573,10.083870967741936,9.2,9.0,7.0,8.0,9.0
2010-05-01,351737.35,311343.05,274939.8,303494.75,20.76451612903226,12.329032258064515,7.0,3.0,18.98333333333333,19.345161290322583,10.363333333333332,10.083870967741936,1.0,9.0,10.0,8.0
2010-06-01,378967.05,351737.35,281748.8,289010.85,22.35,14.03,9.0,1.0,20.76451612903226,18.98333333333333,12.329032258064515,10.363333333333332,7.0,1.0,3.0,10.0
2010-07-01,375800.9,378967.05,311343.05,302692.9,23.55161290322581,15.383870967741936,11.0,0.0,22.35,20.76451612903226,14.03,12.329032258064515,9.0,7.0,1.0,3.0
2010-08-01,406691.4,375800.9,351737.35,274939.8,25.26774193548387,15.74516129032258,9.0,1.0,23.55161290322581,22.35,15.383870967741936,14.03,11.0,9.0,0.0,1.0
2010-09-01,379784.45,406691.4,378967.05,281748.8,25.7,15.533333333333331,13.0,0.0,25.26774193548387,23.55161290322581,15.74516129032258,15.383870967741936,9.0,11.0,1.0,0.0
2010-10-01,358240.65,379784.45,375800.9,311343.05,21.887096774193548,14.641935483870968,11.0,11.0,25.7,25.26774193548387,15.533333333333331,15.74516129032258,13.0,9.0,0.0,1.0
2010-11-01,344324.45,358240.65,406691.4,351737.35,20.426666666666662,10.093333333333334,3.0,6.0,21.887096774193548,25.7,14.641935483870968,15.533333333333331,11.0,13.0,11.0,0.0
2010-12-01,312860.7,344324.45,379784.45,378967.05,17.10967741935484,9.216129032258063,13.0,14.0,20.426666666666662,21.887096774193548,10.093333333333334,14.641935483870968,3.0,11.0,6.0,11.0
2011-01-01,355119.25,312860.7,358240.65,375800.9,18.09032258064516,7.609677419354839,8.0,3.0,17.10967741935484,20.426666666666662,9.216129032258063,10.093333333333334,13.0,3.0,14.0,6.0
2011-02-01,289163.05,355119.25,344324.45,406691.4,16.264285714285712,7.367857142857142,9.0,8.0,18.09032258064516,17.10967741935484,7.609677419354839,9.216129032258063,8.0,13.0,3.0,14.0
2011-03-01,312802.85,289163.05,312860.7,379784.45,17.91290322580645,9.861290322580643,8.0,10.0,16.264285714285712,18.09032258064516,7.367857142857142,7.609677419354839,9.0,8.0,8.0,3.0
2011-04-01,326846.35,312802.85,355119.25,358240.65,20.59333333333333,11.666666666666666,6.0,6.0,17.91290322580645,16.264285714285712,9.861290322580643,7.367857142857142,8.0,9.0,10.0,8.0
2011-05-01,375127.8,326846.35,289163.05,344324.45,21.241935483870968,12.312903225806451,2.0,6.0,20.59333333333333,17.91290322580645,11.666666666666666,9.861290322580643,6.0,8.0,6.0,10.0
2011-06-01,349423.3,375127.8,312802.85,312860.7,22.11,13.683333333333334,6.0,2.0,21.241935483870968,20.59333333333333,12.312903225806451,11.666666666666666,2.0,6.0,6.0,6.0
2011-07-01,375299.55,349423.3,326846.35,355119.25,25.238709677419354,16.5258064516129,8.0,3.0,22.11,21.241935483870968,13.683333333333334,12.312903225806451,6.0,2.0,2.0,6.0
2011-08-01,390877.5,375299.55,375127.8,289163.05,25.948387096774194,16.141935483870967,13.0,0.0,25.238709677419354,22.11,16.5258064516129,13.683333333333334,8.0,6.0,3.0,2.0
2011-09-01,383434.9,390877.5,349423.3,312802.85,25.12,16.15,11.0,1.0,25.948387096774194,25.238709677419354,16.141935483870967,16.5258064516129,13.0,8.0,0.0,3.0
2011-10-01,380437.85,383434.9,375299.55,326846.35,23.283870967741933,14.12258064516129,13.0,3.0,25.12,25.948387096774194,16.15,16.141935483870967,11.0,13.0,1.0,0.0
2011-11-01,368338.45,380437.85,390877.5,375127.8,18.793333333333333,9.806666666666668,4.0,7.0,23.283870967741933,25.12,14.12258064516129,16.15,13.0,11.0,3.0,1.0
2011-12-01,333164.25,368338.45,383434.9,349423.3,17.5258064516129,6.15483870967742,2.0,5.0,18.793333333333333,23.283870967741933,9.806666666666668,14.12258064516129,4.0,13.0,7.0,3.0
2012-01-01,365824.1,333164.25,380437.85,375299.55,19.751612903225805,7.858064516129032,2.0,2.0,17.5258064516129,18.793333333333333,6.15483870967742,9.806666666666668,2.0,4.0,5.0,7.0
2012-02-01,263458.8,365824.1,368338.45,390877.5,18.403448275862072,8.420689655172414,6.0,4.0,19.751612903225805,17.5258064516129,7.858064516129032,6.15483870967742,2.0,2.0,2.0,5.0
2012-03-01,338742.0,263458.8,333164.25,383434.9,18.02258064516129,9.12258064516129,12.0,5.0,18.403448275862072,19.751612903225805,8.420689655172414,7.858064516129032,6.0,2.0,4.0,2.0
2012-04-01,374035.7,338742.0,365824.1,380437.85,20.09333333333333,10.83,7.0,5.0,18.02258064516129,18.403448275862072,9.12258064516129,8.420689655172414,12.0,6.0,5.0,4.0
2012-05-01,379574.5,374035.7,263458.8,368338.45,22.03548387096774,13.141935483870968,7.0,4.0,20.09333333333333,18.02258064516129,10.83,9.12258064516129,7.0,12.0,5.0,5.0
2012-06-01,363603.45,379574.5,338742.0,333164.25,23.146666666666665,14.173333333333334,9.0,0.0,22.03548387096774,20.09333333333333,13.141935483870968,10.83,7.0,7.0,4.0,5.0
2012-07-01,380920.5,363603.45,374035.7,365824.1,25.032258064516128,15.65483870967742,13.0,1.0,23.146666666666665,22.03548387096774,14.173333333333334,13.141935483870968,9.0,7.0,0.0,4.0
2012-08-01,371591.0,380920.5,379574.5,263458.8,28.164516129032258,18.55483870967742,7.0,0.0,25.032258064516128,23.146666666666665,15.65483870967742,14.173333333333334,13.0,9.0,1.0,0.0
2012-09-01,393946.1,371591.0,363603.45,338742.0,28.40333333333333,18.43,5.0,2.0,28.164516129032258,25.032258064516128,18.55483870967742,15.65483870967742,7.0,13.0,0.0,1.0
2012-10-01,374385.3,393946.1,380920.5,374035.7,24.89354838709677,15.974193548387095,5.0,5.0,28.40333333333333,28.164516129032258,18.43,18.55483870967742,5.0,7.0,2.0,0.0
2012-11-01,298760.2,374385.3,371591.0,379574.5,20.57333333333333,11.833333333333334,11.0,9.0,24.89354838709677,28.40333333333333,15.974193548387095,18.43,5.0,5.0,5.0,2.0
2012-12-01,304971.7,298760.2,393946.1,363603.45,16.40967741935484,9.458064516129031,12.0,13.0,20.57333333333333,24.89354838709677,11.833333333333334,15.974193548387095,11.0,5.0,9.0,5.0
2013-01-01,349141.55,304971.7,374385.3,380920.5,17.73548387096774,6.1,5.0,7.0,16.40967741935484,20.57333333333333,9.458064516129031,11.833333333333334,12.0,11.0,13.0,9.0
2013-02-01,325505.25,349141.55,298760.2,371591.0,17.835714285714285,7.378571428571428,4.0,4.0,17.73548387096774,16.40967741935484,6.1,9.458064516129031,5.0,12.0,7.0,13.0
2013-03-01,242547.5,325505.25,304971.7,393946.1,19.796774193548387,10.35483870967742,17.0,5.0,17.835714285714285,17.73548387096774,7.378571428571428,6.1,4.0,5.0,4.0,7.0
2013-04-01,335032.95,242547.5,349141.55,374385.3,21.096666666666668,11.683333333333334,10.0,2.0,19.796774193548387,17.835714285714285,10.35483870967742,7.378571428571428,17.0,4.0,5.0,4.0
2013-05-01,338131.35,335032.95,325505.25,298760.2,23.370967741935484,14.5,5.0,3.0,21.096666666666668,19.796774193548387,11.683333333333334,10.35483870967742,10.0,17.0,2.0,5.0
2013-06-01,338636.5,338131.35,242547.5,304971.7,24.256666666666668,15.453333333333337,6.0,0.0,23.370967741935484,21.096666666666668,14.5,11.683333333333334,5.0,10.0,3.0,2.0
2013-07-01,382783.0,338636.5,335032.95,349141.55,25.906451612903226,17.14516129032258,7.0,3.0,24.256666666666668,23.370967741935484,15.453333333333337,14.5,6.0,5.0,0.0,3.0
2013-08-01,368697.75,382783.0,338131.35,325505.25,26.306451612903224,16.541935483870965,12.0,2.0,25.906451612903226,24.256666666666668,17.14516129032258,15.453333333333337,7.0,6.0,3.0,0.0
2013-09-01,382673.75,368697.75,338636.5,242547.5,26.876666666666665,16.923333333333332,6.0,3.0,26.306451612903224,25.906451612903226,16.541935483870965,17.14516129032258,12.0,7.0,2.0,3.0
2013-10-01,362452.1,382673.75,382783.0,335032.95,23.361290322580647,13.577419354838709,10.0,4.0,26.876666666666665,26.306451612903224,16.923333333333332,16.541935483870965,6.0,12.0,3.0,2.0
2013-11-01,351992.25,362452.1,368697.75,338131.35,21.566666666666663,11.646666666666668,3.0,4.0,23.361290322580647,26.876666666666665,13.577419354838709,16.923333333333332,10.0,6.0,4.0,3.0
2013-12-01,333121.35,351992.25,382673.75,338636.5,19.56451612903226,7.409677419354838,2.0,2.0,21.566666666666663,23.361290322580647,11.646666666666668,13.577419354838709,3.0,10.0,4.0,4.0
2014-01-01,371733.35,333121.35,362452.1,382783.0,21.4741935483871,9.716129032258063,7.0,2.0,19.56451612903226,21.566666666666663,7.409677419354838,11.646666666666668,2.0,3.0,2.0,4.0
2014-02-01,296537.1,371733.35,351992.25,368697.75,19.40714285714285,10.382142857142856,9.0,7.0,21.4741935483871,19.56451612903226,9.716129032258063,7.409677419354838,7.0,2.0,2.0,2.0
2014-03-01,342885.85,296537.1,333121.35,382673.75,20.625806451612902,11.95483870967742,9.0,3.0,19.40714285714285,21.4741935483871,10.382142857142856,9.716129032258063,9.0,7.0,7.0,2.0
2014-04-01,378044.05,342885.85,371733.35,362452.1,22.293333333333333,12.263333333333332,4.0,5.0,20.625806451612902,19.40714285714285,11.95483870967742,10.382142857142856,9.0,9.0,3.0,7.0
2014-05-01,368010.15,378044.05,296537.1,351992.25,24.738709677419354,14.52258064516129,4.0,2.0,22.293333333333333,20.625806451612902,12.263333333333332,11.95483870967742,4.0,9.0,5.0,3.0
2014-06-01,396092.8,368010.15,342885.85,333121.35,24.136666666666667,14.96,5.0,0.0,24.738709677419354,22.293333333333333,14.52258064516129,12.263333333333332,4.0,4.0,2.0,5.0
2014-07-01,380192.25,396092.8,378044.05,371733.35,27.0,18.12903225806452,5.0,3.0,24.136666666666667,24.738709677419354,14.96,14.52258064516129,5.0,4.0,0.0,2.0
2014-08-01,403003.2,380192.25,368010.15,296537.1,27.706451612903223,17.88064516129032,5.0,2.0,27.0,24.136666666666667,18.12903225806452,14.96,5.0,5.0,3.0,0.0
2014-09-01,424221.2,403003.2,396092.8,342885.85,28.51333333333333,18.91333333333333,4.0,3.0,27.706451612903223,27.0,17.88064516129032,18.12903225806452,5.0,5.0,2.0,3.0
2014-10-01,381558.65,424221.2,380192.25,378044.05,26.387096774193548,16.567741935483873,8.0,2.0,28.51333333333333,27.706451612903223,18.91333333333333,17.88064516129032,4.0,5.0,3.0,2.0
2014-11-01,343236.6,381558.65,403003.2,368010.15,23.32,12.273333333333332,1.0,7.0,26.387096774193548,28.51333333333333,16.567741935483873,18.91333333333333,8.0,4.0,2.0,3.0
2014-12-01,344398.95,343236.6,424221.2,396092.8,17.948387096774194,10.348387096774196,7.0,9.0,23.32,26.387096774193548,12.273333333333332,16.567741935483873,1.0,8.0,7.0,2.0
2015-01-01,267943.7,344398.95,381558.65,380192.25,20.01290322580645,9.064516129032258,3.0,3.0,17.948387096774194,23.32,10.348387096774196,12.273333333333332,7.0,1.0,9.0,7.0
2015-02-01,259956.05,267943.7,343236.6,403003.2,21.107142857142858,11.164285714285716,10.0,6.0,20.01290322580645,17.948387096774194,9.064516129032258,10.348387096774196,3.0,7.0,3.0,9.0
2015-03-01,439209.35,259956.05,344398.95,424221.2,23.541935483870965,12.390322580645162,8.0,3.0,21.107142857142858,20.01290322580645,11.164285714285716,9.064516129032258,10.0,3.0,6.0,3.0
2015-04-01,339593.75,439209.35,267943.7,381558.65,22.316666666666663,12.203333333333337,2.0,2.0,23.541935483870965,21.107142857142858,12.390322580645162,11.164285714285716,8.0,10.0,3.0,6.0
2015-05-01,359685.3,339593.75,259956.05,343236.6,20.26774193548387,13.36451612903226,5.0,8.0,22.316666666666663,23.541935483870965,12.203333333333337,12.390322580645162,2.0,8.0,2.0,3.0
2015-06-01,377780.6,359685.3,439209.35,344398.95,25.02,15.98,8.0,4.0,20.26774193548387,22.316666666666663,13.36451612903226,12.203333333333337,5.0,2.0,8.0,2.0
2015-07-01,362001.95,377780.6,339593.75,267943.7,26.048387096774192,18.225806451612904,3.0,6.0,25.02,20.26774193548387,15.98,13.36451612903226,8.0,5.0,4.0,8.0
2015-08-01,417318.8,362001.95,359685.3,259956.05,28.032258064516128,18.538709677419355,4.0,0.0,26.048387096774192,25.02,18.225806451612904,15.98,3.0,8.0,6.0,4.0
2015-09-01,383963.4,417318.8,377780.6,439209.35,28.75333333333333,19.75,2.0,4.0,28.032258064516128,26.048387096774192,18.538709677419355,18.225806451612904,4.0,3.0,0.0,6.0
2015-10-01,372415.65,383963.4,362001.95,339593.75,27.1,17.996774193548386,6.0,9.0,28.75333333333333,28.032258064516128,19.75,18.538709677419355,2.0,4.0,4.0,0.0
2015-11-01,368714.55,372415.65,417318.8,359685.3,21.66,10.476666666666668,1.0,4.0,27.1,28.75333333333333,17.996774193548386,19.75,6.0,2.0,9.0,4.0
2015-12-01,331046.9,368714.55,383963.4,377780.6,18.41935483870968,7.9,2.0,7.0,21.66,27.1,10.476666666666668,17.996774193548386,1.0,6.0,4.0,9.0
2016-01-01,375215.7,331046.9,372415.65,362001.95,17.032258064516128,9.274193548387096,10.0,10.0,18.41935483870968,21.66,7.9,10.476666666666668,2.0,1.0,7.0,4.0
2016-02-01,383368.25,375215.7,368714.55,417318.8,22.96896551724138,10.06896551724138,4.0,3.0,17.032258064516128,18.41935483870968,9.274193548387096,7.9,10.0,2.0,10.0,7.0
2016-03-01,296849.7,383368.25,331046.9,383963.4,20.177419354838708,11.6,13.0,5.0,22.96896551724138,17.032258064516128,10.06896551724138,9.274193548387096,4.0,10.0,3.0,10.0
2016-04-01,354203.55,296849.7,375215.7,372415.65,22.076666666666664,13.213333333333331,8.0,6.0,20.177419354838708,22.96896551724138,11.6,10.06896551724138,13.0,4.0,5.0,3.0
2016-05-01,411709.05,354203.55,383368.25,368714.55,21.0,13.932258064516128,6.0,4.0,22.076666666666664,20.177419354838708,13.213333333333331,11.6,8.0,13.0,6.0,5.0
2016-06-01,365177.15,411709.05,296849.7,331046.9,25.24333333333333,16.17,12.0,1.0,21.0,22.076666666666664,13.932258064516128,13.213333333333331,6.0,8.0,4.0,6.0
2016-07-01,379453.6,365177.15,354203.55,375215.7,27.12258064516129,17.567741935483873,13.0,0.0,25.24333333333333,21.0,16.17,13.932258064516128,12.0,6.0,1.0,4.0
2016-08-01,423190.25,379453.6,411709.05,383368.25,27.08709677419355,17.561290322580643,19.0,1.0,27.12258064516129,25.24333333333333,17.567741935483873,16.17,13.0,12.0,0.0,1.0
2016-09-01,399978.25,423190.25,365177.15,296849.7,26.673333333333336,17.09333333333333,10.0,4.0,27.08709677419355,27.12258064516129,17.561290322580643,17.567741935483873,19.0,13.0,1.0,0.0
2016-10-01,428196.85,399978.25,379453.6,354203.55,24.703225806451613,15.67741935483871,11.0,6.0,26.673333333333336,27.08709677419355,17.09333333333333,17.561290322580643,10.0,19.0,4.0,1.0
2016-11-01,448311.35,428196.85,423190.25,411709.05,22.796666666666667,12.19,5.0,4.0,24.703225806451613,26.673333333333336,15.67741935483871,17.09333333333333,11.0,10.0,6.0,4.0
2016-12-01,404880.65,448311.35,399978.25,365177.15,17.706451612903226,9.422580645161291,14.0,12.0,22.796666666666667,24.703225806451613,12.19,15.67741935483871,5.0,11.0,4.0,6.0
2017-01-01,428397.3,404880.65,428196.85,379453.6,16.067741935483873,8.174193548387096,19.0,14.0,17.706451612903226,22.796666666666667,9.422580645161291,12.19,14.0,5.0,12.0,4.0
2017-02-01,308581.75,428397.3,448311.35,423190.25,16.532142857142855,10.285714285714286,20.0,12.0,16.067741935483873,17.706451612903226,8.174193548387096,9.422580645161291,19.0,14.0,14.0,12.0
2017-03-01,385636.95,308581.75,404880.65,399978.25,21.30322580645161,11.070967741935483,16.0,5.0,16.532142857142855,16.067741935483873,10.285714285714286,8.174193548387096,20.0,19.0,12.0,14.0
2017-04-01,381516.65,385636.95,428397.3,428196.85,22.43,13.13,15.0,2.0,21.30322580645161,16.532142857142855,11.070967741935483,10.285714285714286,16.0,20.0,5.0,12.0
2017-05-01,424501.95,381516.65,308581.75,448311.35,21.58709677419355,14.003225806451614,11.0,6.0,22.43,21.30322580645161,13.13,11.070967741935483,15.0,16.0,2.0,5.0
2017-06-01,382783.6,424501.95,385636.95,404880.65,24.166666666666668,16.096666666666668,17.0,1.0,21.58709677419355,22.43,14.003225806451614,13.13,11.0,15.0,6.0,2.0
2017-07-01,427677.95,382783.6,381516.65,428397.3,26.18387096774193,18.780645161290323,14.0,3.0,24.166666666666668,21.58709677419355,16.096666666666668,14.003225806451614,17.0,11.0,1.0,6.0
2017-08-01,443038.8,427677.95,424501.95,308581.75,26.58709677419355,18.870967741935484,15.0,4.0,26.18387096774193,24.166666666666668,18.780645161290323,16.096666666666668,14.0,17.0,3.0,1.0
2017-09-01,398366.25,443038.8,382783.6,385636.95,26.166666666666668,18.203333333333333,12.0,9.0,26.58709677419355,26.18387096774193,18.870967741935484,18.780645161290323,15.0,14.0,4.0,3.0
2017-10-01,397958.7,398366.25,427677.95,381516.65,26.896774193548385,16.474193548387095,11.0,3.0,26.166666666666668,26.58709677419355,18.203333333333333,18.870967741935484,12.0,15.0,9.0,4.0
2017-11-01,475788.25,397958.7,443038.8,424501.95,22.57333333333333,13.393333333333334,18.0,5.0,26.896774193548385,26.166666666666668,16.474193548387095,18.203333333333333,11.0,12.0,3.0,9.0
2017-12-01,397301.05,475788.25,398366.25,382783.6,21.993548387096773,8.64516129032258,9.0,1.0,22.57333333333333,26.896774193548385,13.393333333333334,16.474193548387095,18.0,11.0,5.0,3.0
2018-01-01,432128.75,397301.05,397958.7,427677.95,21.25483870967742,10.370967741935484,14.0,3.0,21.993548387096773,22.57333333333333,8.64516129032258,13.393333333333334,9.0,18.0,1.0,5.0
2018-02-01,392682.95,432128.75,475788.25,443038.8,19.12857142857143,8.996428571428572,7.0,8.0,21.25483870967742,21.993548387096773,10.370967741935484,8.64516129032258,14.0,9.0,3.0,1.0
2018-03-01,273842.25,392682.95,397301.05,398366.25,18.35483870967742,10.6,15.0,12.0,19.12857142857143,21.25483870967742,8.996428571428572,10.370967741935484,7.0,14.0,8.0,3.0
2018-04-01,372526.3,273842.25,432128.75,397958.7,21.316666666666663,12.316666666666666,15.0,1.0,18.35483870967742,19.12857142857143,10.6,8.996428571428572,15.0,7.0,12.0,8.0
2018-05-01,417372.6,372526.3,392682.95,475788.25,20.816129032258065,13.858064516129032,10.0,8.0,21.316666666666663,18.35483870967742,12.316666666666666,10.6,15.0,15.0,1.0,12.0
2018-06-01,393365.15,417372.6,273842.25,397301.05,23.183333333333334,15.873333333333331,16.0,3.0,20.816129032258065,21.316666666666663,13.858064516129032,12.316666666666666,10.0,15.0,8.0,1.0
2018-07-01,454681.6,393365.15,372526.3,432128.75,27.700000000000003,19.370967741935484,11.0,1.0,23.183333333333334,20.816129032258065,15.873333333333331,13.858064516129032,16.0,10.0,3.0,8.0
2018-08-01,440676.4,454681.6,417372.6,392682.95,27.68387096774193,19.79032258064516,10.0,1.0,27.700000000000003,23.183333333333334,19.370967741935484,15.873333333333331,11.0,16.0,1.0,3.0
2018-09-01,431310.4,440676.4,393365.15,273842.25,25.38,17.563333333333333,19.0,1.0,27.68387096774193,27.700000000000003,19.79032258064516,19.370967741935484,10.0,11.0,1.0,1.0
2018-10-01,504387.85,431310.4,454681.6,372526.3,23.783870967741933,15.316129032258065,22.0,13.0,25.38,27.68387096774193,17.563333333333333,19.79032258064516,19.0,10.0,1.0,1.0
2018-11-01,439966.15,504387.85,440676.4,417372.6,22.383333333333333,11.966666666666669,16.0,4.0,23.783870967741933,25.38,15.316129032258065,17.563333333333333,22.0,19.0,13.0,1.0
2018-12-01,482353.25,439966.15,431310.4,393365.15,17.870967741935484,8.73225806451613,15.0,5.0,22.383333333333333,23.783870967741933,11.966666666666669,15.316129032258065,16.0,22.0,4.0,13.0
2019-01-01,445730.5,482353.25,504387.85,454681.6,17.14516129032258,8.116129032258064,15.0,10.0,17.870967741935484,22.383333333333333,8.73225806451613,11.966666666666669,15.0,16.0,5.0,4.0
2019-02-01,364550.55,445730.5,439966.15,440676.4,14.44285714285714,6.957142857142857,8.0,16.0,17.14516129032258,17.870967741935484,8.116129032258064,8.73225806451613,15.0,15.0,10.0,5.0
2019-03-01,311053.9,364550.55,482353.25,431310.4,18.26774193548387,10.087096774193547,16.0,13.0,14.44285714285714,17.14516129032258,6.957142857142857,8.116129032258064,8.0,15.0,16.0,10.0
2019-04-01,378343.5,311053.9,445730.5,504387.85,20.76,13.09,12.0,7.0,18.26774193548387,14.44285714285714,10.087096774193547,6.957142857142857,16.0,8.0,13.0,16.0
2019-05-01,440313.4,378343.5,364550.55,439966.15,19.503225806451614,13.25483870967742,9.0,10.0,20.76,18.26774193548387,13.09,10.087096774193547,12.0,16.0,7.0,13.0
2019-06-01,405824.0,440313.4,311053.9,482353.25,22.76333333333333,15.966666666666669,9.0,11.0,19.503225806451614,20.76,13.25483870967742,13.09,9.0,12.0,10.0,7.0
2019-07-01,487604.9,405824.0,378343.5,445730.5,25.490322580645163,17.654838709677417,16.0,4.0,22.76333333333333,19.503225806451614,15.966666666666669,13.25483870967742,9.0,9.0,11.0,10.0
2019-08-01,449085.8,487604.9,440313.4,364550.55,26.241935483870968,17.858064516129033,23.0,3.0,25.490322580645163,22.76333333333333,17.654838709677417,15.966666666666669,16.0,9.0,4.0,11.0
2019-09-01,414680.75,449085.8,405824.0,311053.9,26.19333333333333,18.436666666666667,20.0,5.0,26.241935483870968,25.490322580645163,17.858064516129033,17.654838709677417,23.0,16.0,3.0,4.0
2019-10-01,402425.5,414680.75,487604.9,378343.5,25.51935483870968,13.738709677419354,17.0,3.0,26.19333333333333,26.241935483870968,18.436666666666667,17.858064516129033,20.0,23.0,5.0,3.0
2019-11-01,380437.65,402425.5,449085.8,440313.4,21.60333333333333,11.05,16.0,7.0,25.51935483870968,26.19333333333333,13.738709677419354,18.436666666666667,17.0,20.0,3.0,5.0
2019-12-01,383794.25,380437.65,414680.75,405824.0,16.664516129032258,8.312903225806451,10.0,10.0,21.60333333333333,25.51935483870968,11.05,13.738709677419354,16.0,17.0,7.0,3.0
2020-01-01,425761.5,383794.25,402425.5,487604.9,17.716129032258067,7.874193548387097,16.0,4.0,16.664516129032258,21.60333333333333,8.312903225806451,11.05,10.0,16.0,10.0,7.0
2020-02-01,278735.05,425761.5,380437.65,449085.8,19.155172413793103,8.89310344827586,15.0,6.0,17.716129032258067,16.664516129032258,7.874193548387097,8.312903225806451,16.0,10.0,4.0,10.0
2020-03-01,231607.3,278735.05,383794.25,414680.75,17.41290322580645,10.625806451612902,15.0,20.0,19.155172413793103,17.716129032258067,8.89310344827586,7.874193548387097,15.0,16.0,6.0,4.0
2020-04-01,374186.0,231607.3,425761.5,402425.5,19.813333333333333,12.72,21.0,13.0,17.41290322580645,19.155172413793103,10.625806451612902,8.89310344827586,15.0,15.0,20.0,6.0
2020-05-01,306366.0,374186.0,278735.05,380437.65,23.44516129032258,15.274193548387096,17.0,3.0,19.813333333333333,17.41290322580645,12.72,10.625806451612902,21.0,15.0,13.0,20.0
2020-06-01,369256.9,306366.0,231607.3,383794.25,24.14,16.52,9.0,4.0,23.44516129032258,19.813333333333333,15.274193548387096,12.72,17.0,21.0,3.0,13.0
2020-07-01,457196.7,369256.9,374186.0,425761.5,25.36774193548387,16.85483870967742,20.0,2.0,24.14,23.44516129032258,16.52,15.274193548387096,9.0,17.0,4.0,3.0
2020-08-01,517024.75,457196.7,306366.0,278735.05,27.66774193548387,18.461290322580645,18.0,1.0,25.36774193548387,24.14,16.85483870967742,16.52,20.0,9.0,2.0,4.0
2020-09-01,476681.55,517024.75,369256.9,231607.3,28.196666666666665,17.326666666666664,22.0,1.0,27.66774193548387,25.36774193548387,18.461290322580645,16.85483870967742,18.0,20.0,1.0,2.0
2020-10-01,510812.8,476681.55,457196.7,374186.0,26.061290322580643,15.941935483870967,21.0,2.0,28.196666666666665,27.66774193548387,17.326666666666664,18.461290322580645,22.0,18.0,1.0,1.0
2020-11-01,466067.4,510812.8,517024.75,306366.0,21.363333333333333,10.586666666666668,16.0,2.0,26.061290322580643,28.196666666666665,15.941935483870967,17.326666666666664,21.0,22.0,2.0,1.0
2020-12-01,462655.3,466067.4,476681.55,369256.9,19.774193548387096,7.925806451612903,12.0,3.0,21.363333333333333,26.061290322580643,10.586666666666668,15.941935483870967,16.0,21.0,2.0,2.0
2021-01-01,437863.2,462655.3,510812.8,457196.7,18.75483870967742,7.916129032258064,10.0,6.0,19.774193548387096,21.363333333333333,7.925806451612903,10.586666666666668,12.0,16.0,3.0,2.0
2021-02-01,414154.5,437863.2,466067.4,517024.75,18.967857142857145,9.039285714285716,16.0,1.0,18.75483870967742,19.774193548387096,7.916129032258064,7.925806451612903,10.0,12.0,6.0,3.0
2021-03-01,493465.25,414154.5,462655.3,476681.55,17.94516129032258,8.567741935483872,17.0,8.0,18.967857142857145,18.75483870967742,9.039285714285716,7.916129032258064,16.0,10.0,1.0,6.0
2021-04-01,494681.6,493465.25,437863.2,510812.8,20.966666666666665,12.246666666666666,9.0,6.0,17.94516129032258,18.967857142857145,8.567741935483872,9.039285714285716,17.0,16.0,8.0,1.0
2021-05-01,540803.1,494681.6,414154.5,466067.4,21.080645161290324,14.24516129032258,10.0,4.0,20.966666666666665,17.94516129032258,12.246666666666666,8.567741935483872,9.0,17.0,6.0,8.0
2021-06-01,469553.6,540803.1,493465.25,462655.3,23.65,15.636666666666668,21.0,3.0,21.080645161290324,20.966666666666665,14.24516129032258,12.246666666666666,10.0,9.0,4.0,6.0
2021-07-01,469481.55,469553.6,494681.6,437863.2,25.75483870967742,17.94193548387097,20.0,1.0,23.65,21.080645161290324,15.636666666666668,14.24516129032258,21.0,10.0,3.0,4.0
2021-08-01,488873.85,469481.55,540803.1,414154.5,25.693548387096776,17.56451612903226,22.0,3.0,25.75483870967742,23.65,17.94193548387097,15.636666666666668,20.0,21.0,1.0,3.0
2021-09-01,469570.1,488873.85,469553.6,493465.25,25.540000000000003,16.423333333333332,23.0,2.0,25.693548387096776,25.75483870967742,17.56451612903226,17.94193548387097,22.0,20.0,3.0,1.0
2021-10-01,468713.6,469570.1,469481.55,494681.6,23.293548387096774,13.112903225806452,19.0,7.0,25.540000000000003,25.693548387096776,16.423333333333332,17.56451612903226,23.0,22.0,2.0,3.0
2021-11-01,405309.3,468713.6,488873.85,540803.1,22.876666666666665,11.576666666666666,21.0,0.0,23.293548387096774,25.540000000000003,13.112903225806452,16.423333333333332,19.0,23.0,7.0,2.0
2021-12-01,387523.15,405309.3,469570.1,469553.6,16.019354838709678,7.84516129032258,22.0,14.0,22.876666666666665,23.293548387096774,11.576666666666666,13.112903225806452,21.0,19.0,0.0,7.0
2022-01-01,428474.25,387523.15,468713.6,469481.55,18.44516129032258,7.725806451612903,12.0,5.0,16.019354838709678,22.876666666666665,7.84516129032258,11.576666666666666,22.0,21.0,14.0,0.0
2022-02-01,426812.45,428474.25,405309.3,488873.85,21.20357142857143,7.557142857142857,4.0,5.0,18.44516129032258,16.019354838709678,7.725806451612903,7.84516129032258,12.0,22.0,5.0,14.0
2022-03-01,497775.85,426812.45,387523.15,469570.1,20.741935483870968,10.374193548387098,13.0,10.0,21.20357142857143,18.44516129032258,7.557142857142857,7.725806451612903,4.0,12.0,5.0,5.0
2022-04-01,458264.05,497775.85,428474.25,468713.6,21.936666666666667,12.613333333333332,10.0,8.0,20.741935483870968,21.20357142857143,10.374193548387098,7.557142857142857,13.0,4.0,10.0,5.0
2022-05-01,501679.3,458264.05,426812.45,405309.3,21.825806451612905,13.825806451612904,14.0,8.0,21.936666666666667,20.741935483870968,12.613333333333332,10.374193548387098,10.0,13.0,8.0,10.0
2022-06-01,448267.35,501679.3,497775.85,387523.15,25.15666666666667,16.606666666666666,15.0,4.0,21.825806451612905,21.936666666666667,13.825806451612904,12.613333333333332,14.0,10.0,8.0,8.0
2022-07-01,490708.85,448267.35,458264.05,428474.25,25.06451612903226,17.270967741935483,19.0,0.0,25.15666666666667,21.825806451612905,16.606666666666666,13.825806451612904,15.0,14.0,4.0,8.0
2022-08-01,405666.7,490708.85,501679.3,426812.45,27.1483870967742,18.5,22.0,0.0,25.06451612903226,25.15666666666667,17.270967741935483,16.606666666666666,19.0,15.0,0.0,4.0
2022-09-01,345575.05,405666.7,448267.35,497775.85,28.586666666666662,19.60666666666667,21.0,9.0,27.1483870967742,25.06451612903226,18.5,17.270967741935483,22.0,19.0,0.0,0.0
2022-10-01,340663.7,345575.05,490708.85,458264.05,24.387096774193548,15.77741935483871,21.0,4.0,28.586666666666662,27.1483870967742,19.60666666666667,18.5,21.0,22.0,9.0,0.0
2022-11-01,311555.5,340663.7,405666.7,501679.3,19.933333333333334,8.836666666666668,9.0,6.0,24.387096774193548,28.586666666666662,15.77741935483871,19.60666666666667,21.0,21.0,4.0,9.0
2022-12-01,359872.25,311555.5,345575.05,448267.35,17.029032258064515,8.03225806451613,15.0,11.0,19.933333333333334,24.387096774193548,8.836666666666668,15.77741935483871,9.0,21.0,6.0,4.0
2023-01-01,378520.7,359872.25,340663.7,490708.85,15.406451612903224,7.638709677419355,15.0,16.0,17.029032258064515,19.933333333333334,8.03225806451613,8.836666666666668,15.0,9.0,11.0,6.0
2023-02-01,251582.65,378520.7,311555.5,405666.7,16.42142857142857,6.332142857142857,7.0,11.0,15.406451612903224,17.029032258064515,7.638709677419355,8.03225806451613,15.0,15.0,16.0,11.0
2023-03-01,325953.75,251582.65,359872.25,345575.05,15.206451612903225,8.935483870967742,18.0,17.0,16.42142857142857,15.406451612903224,6.332142857142857,7.638709677419355,7.0,15.0,11.0,16.0
2023-04-01,347883.75,325953.75,378520.7,340663.7,18.9,10.866666666666667,19.0,6.0,15.206451612903225,16.42142857142857,8.935483870967742,6.332142857142857,18.0,7.0,17.0,11.0
2023-05-01,411685.95,347883.75,251582.65,311555.5,19.44193548387097,13.609677419354838,10.0,13.0,18.9,15.206451612903225,10.866666666666667,8.935483870967742,19.0,18.0,6.0,17.0
2023-06-01,437376.2,411685.95,325953.75,359872.25,21.33333333333333,14.943333333333332,13.0,19.0,19.44193548387097,18.9,13.609677419354838,10.866666666666667,10.0,19.0,13.0,6.0
2023-07-01,364850.25,437376.2,347883.75,378520.7,26.861290322580647,16.606451612903225,26.0,2.0,21.33333333333333,19.44193548387097,14.943333333333332,13.609677419354838,13.0,10.0,19.0,13.0
2023-08-01,435983.2,364850.25,411685.95,251582.65,26.09354838709677,17.629032258064516,23.0,6.0,26.861290322580647,21.33333333333333,16.606451612903225,14.943333333333332,26.0,13.0,2.0,19.0
2023-09-01,394052.35,435983.2,437376.2,325953.75,24.836666666666662,17.15,23.0,13.0,26.09354838709677,26.861290322580647,17.629032258064516,16.606451612903225,23.0,26.0,6.0,2.0
2023-10-01,372563.8,394052.35,364850.25,347883.75,25.796774193548387,14.496774193548386,21.0,4.0,24.836666666666662,26.09354838709677,17.15,17.629032258064516,23.0,23.0,13.0,6.0
2023-11-01,384759.75,372563.8,435983.2,411685.95,22.736666666666668,10.916666666666666,12.0,6.0,25.796774193548387,24.836666666666662,14.496774193548386,17.15,21.0,23.0,4.0,13.0
2023-12-01,364852.0,384759.75,394052.35,437376.2,19.76774193548387,10.093548387096773,20.0,9.0,22.736666666666668,25.796774193548387,10.916666666666666,14.496774193548386,12.0,21.0,6.0,4.0
2024-01-01,441942.05,364852.0,372563.8,364850.25,17.116129032258065,8.016129032258064,17.0,7.0,19.76774193548387,22.736666666666668,10.093548387096773,10.916666666666666,20.0,12.0,9.0,6.0
2024-02-01,408903.1,441942.05,384759.75,435983.2,16.26551724137931,9.351724137931036,22.0,20.0,17.116129032258065,19.76774193548387,8.016129032258064,10.093548387096773,17.0,20.0,7.0,9.0
2024-03-01,380560.0,408903.1,364852.0,394052.35,17.712903225806453,9.793548387096775,18.0,11.0,16.26551724137931,17.116129032258065,9.351724137931036,8.016129032258064,22.0,17.0,20.0,7.0
2024-04-01,417181.85,380560.0,441942.05,372563.8,19.626666666666665,10.476666666666668,13.0,7.0,17.712903225806453,16.26551724137931,9.793548387096775,9.351724137931036,18.0,22.0,11.0,20.0
2024-05-01,391130.55,417181.85,408903.1,384759.75,20.248387096774195,13.016129032258064,20.0,13.0,19.626666666666665,17.712903225806453,10.476666666666668,9.793548387096775,13.0,18.0,7.0,11.0
2024-06-01,429297.8,391130.55,380560.0,364852.0,23.876666666666665,15.376666666666669,20.0,8.0,20.248387096774195,19.626666666666665,13.016129032258064,10.476666666666668,20.0,13.0,13.0,7.0
2024-07-01,501639.35,429297.8,417181.85,441942.05,26.248387096774195,16.79032258064516,27.0,0.0,23.876666666666665,20.248387096774195,15.376666666666669,13.016129032258064,20.0,20.0,8.0,13.0
2024-08-01,510699.3,501639.35,391130.55,408903.1,27.216129032258067,17.09032258064516,27.0,0.0,26.248387096774195,23.876666666666665,16.79032258064516,15.376666666666669,27.0,20.0,0.0,8.0
2024-09-01,499886.9,510699.3,429297.8,380560.0,26.496666666666663,16.766666666666666,19.0,4.0,27.216129032258067,26.248387096774195,17.09032258064516,16.79032258064516,27.0,27.0,0.0,0.0
2024-10-01,463252.5,499886.9,501639.35,417181.85,24.8483870967742,14.051612903225807,24.0,2.0,26.496666666666663,27.216129032258067,16.766666666666666,17.09032258064516,19.0,27.0,4.0,0.0
2024-11-01,458403.55,463252.5,510699.3,391130.55,20.34333333333333,10.37,13.0,2.0,24.8483870967742,26.496666666666663,14.051612903225807,16.766666666666666,24.0,19.0,2.0,4.0
2024-12-01,461312.5,458403.55,499886.9,429297.8,18.483870967741936,9.812903225806451,19.0,3.0,20.34333333333333,24.8483870967742,10.37,14.051612903225807,13.0,24.0,2.0,2.0
2025-01-01,483975.25,461312.5,463252.5,501639.35,18.3483870967742,8.36774193548387,9.0,5.0,18.483870967741936,20.34333333333333,9.812903225806451,10.37,19.0,13.0,3.0,2.0
2025-02-01,413269.25,483975.25,458403.55,510699.3,18.64642857142857,10.510714285714286,17.0,8.0,18.3483870967742,18.483870967741936,8.36774193548387,9.812903225806451,9.0,19.0,5.0,3.0
2025-03-01,386592.75,413269.25,461312.5,499886.9,17.661290322580644,10.661290322580646,8.0,13.0,18.64642857142857,18.3483870967742,10.510714285714286,8.36774193548387,17.0,9.0,8.0,5.0
2025-04-01,439884.15,386592.75,483975.25,463252.5,19.39333333333333,12.016666666666667,12.0,8.0,17.661290322580644,18.64642857142857,10.661290322580646,10.510714285714286,8.0,17.0,13.0,8.0
2025-05-01,356363.85,439884.15,413269.25,458403.55,22.40322580645161,14.861290322580643,10.0,5.0,19.39333333333333,17.661290322580644,12.016666666666667,10.661290322580646,12.0,8.0,8.0,13.0
2025-06-01,470597.75,356363.85,386592.75,461312.5,23.49,16.203333333333333,15.0,8.0,22.40322580645161,19.39333333333333,14.861290322580643,12.016666666666667,10.0,12.0,5.0,8.0
2025-07-01,544230.8,470597.75,439884.15,483975.25,24.151612903225807,16.970967741935485,7.0,4.0,23.49,22.40322580645161,16.203333333333333,14.861290322580643,15.0,10.0,8.0,5.0
2025-08-01,504970.9,544230.8,356363.85,413269.25,27.574193548387097,18.62258064516129,14.0,2.0,24.151612903225807,23.49,16.970967741935485,16.203333333333333,7.0,15.0,4.0,8.0
2025-09-01,460319.75,504970.9,470597.75,386592.75,26.28666666666667,18.78666666666667,15.0,7.0,27.574193548387097,24.151612903225807,18.62258064516129,16.970967741935485,14.0,7.0,2.0,4.0
2025-10-01,429303.75,460319.75,544230.8,439884.15,23.967741935483872,15.193548387096774,20.0,5.0,26.28666666666667,27.574193548387097,18.78666666666667,18.62258064516129,15.0,14.0,7.0,2.0
2025-11-01,406490.5,429303.75,504970.9,356363.85,20.173333333333336,12.83,23.0,10.0,23.967741935483872,26.28666666666667,15.193548387096774,18.78666666666667,20.0,15.0,5.0,7.0
2025-12-01,424510.75,406490.5,460319.75,470597.75,19.16774193548387,10.974193548387095,18.0,8.0,20.173333333333336,23.967741935483872,12.83,15.193548387096774,23.0,20.0,10.0,5.0
